plan_id,project_id__hashed,plan_created_at,event_type,event_timestamp,plan_name,network_provider_id,price_currency,plan_price_amount_local,data_allowance_mb,is_unlimited_data,voice_allowance_seconds,is_unlimited_voice,sms_allowance,is_unlimited_sms,validity_value,validity_unit,_valid_from,_valid_to,_is_current_state
pln_b2a155624e05108d1a5b6b90f567,82728d5d3cf7f35b58bc318399c2c5caf7eeadcc37f3597cb2817a9b5a87bbf3,2023-12-29 18:43:12,plan.updated,2023-12-29 18:44:37.573698,Unlimited Data Plan,p4,USD,70.000000000,,true,,true,,true,30,day,2023-12-29 18:44:37.573698,2023-12-29 18:44:37.846803,false
pln_b2a155624e05108d1a5b6b90f567,82728d5d3cf7f35b58bc318399c2c5caf7eeadcc37f3597cb2817a9b5a87bbf3,2023-12-29 18:43:12,plan.archived,2024-01-21 15:48:13.444971,Unlimited Data Plan,p4,USD,70.000000000,,true,,true,,true,30,day,2024-01-21 15:48:13.444971,,true
pln_b2a155624e05108d1a5b6b90f567,82728d5d3cf7f35b58bc318399c2c5caf7eeadcc37f3597cb2817a9b5a87bbf3,2023-12-29 18:43:12,plan.updated,2024-01-21 15:48:12.953812,Unlimited Data Plan,p4,USD,70.000000000,,true,,true,,true,30,day,2024-01-21 15:48:12.953812,2024-01-21 15:48:13.444971,false
pln_b2a155624e05108d1a5b6b90f567,82728d5d3cf7f35b58bc318399c2c5caf7eeadcc37f3597cb2817a9b5a87bbf3,2023-12-29 18:43:12,plan.published,2023-12-29 18:44:37.846803,Unlimited Data Plan,p4,USD,70.000000000,,true,,true,,true,30,day,2023-12-29 18:44:37.846803,2024-01-21 15:48:12.953812,false
pln_b2a155624e05108d1a5b6b90f567,82728d5d3cf7f35b58bc318399c2c5caf7eeadcc37f3597cb2817a9b5a87bbf3,2023-12-29 18:43:12,plan.created,2023-12-29 18:43:12.010884,Unlimited Data Plan,p4,USD,70.000000000,,true,,true,,true,30,day,2023-12-29 18:43:12,2023-12-29 18:44:37.573698,false
pln_1d3f49d61a672755efc1865c4d9a,82728d5d3cf7f35b58bc318399c2c5caf7eeadcc37f3597cb2817a9b5a87bbf3,2024-01-21 15:48:11,plan.updated,2024-08-01 17:22:46.635276,Unlimited Data Plan,p9,USD,70.000000000,,true,,true,,true,1,month,2024-08-01 17:22:46.635276,2024-08-22 07:57:45.033593,false
pln_1d3f49d61a672755efc1865c4d9a,82728d5d3cf7f35b58bc318399c2c5caf7eeadcc37f3597cb2817a9b5a87bbf3,2024-01-21 15:48:11,plan.published,2024-01-21 15:52:35.585659,Unlimited Data Plan,p9,USD,70.000000000,,true,,true,,true,1,month,2024-01-21 15:52:35.585659,2024-01-21 17:09:05.523869,false
pln_1d3f49d61a672755efc1865c4d9a,82728d5d3cf7f35b58bc318399c2c5caf7eeadcc37f3597cb2817a9b5a87bbf3,2024-01-21 15:48:11,plan.updated,2024-01-21 17:09:05.523869,Unlimited Data Plan,p9,USD,70.000000000,,true,,true,,true,1,month,2024-01-21 17:09:05.523869,2024-01-24 17:53:36.789666,false
pln_1d3f49d61a672755efc1865c4d9a,82728d5d3cf7f35b58bc318399c2c5caf7eeadcc37f3597cb2817a9b5a87bbf3,2024-01-21 15:48:11,plan.updated,2024-01-21 15:52:35.542929,Unlimited Data Plan,p9,USD,70.000000000,,true,,true,,true,1,month,2024-01-21 15:52:35.542929,2024-01-21 15:52:35.585659,false
pln_1d3f49d61a672755efc1865c4d9a,82728d5d3cf7f35b58bc318399c2c5caf7eeadcc37f3597cb2817a9b5a87bbf3,2024-01-21 15:48:11,plan.archived,2025-10-04 10:09:40.396422,Unlimited Data Plan,p9,USD,70.000000000,,true,,true,,true,1,month,2025-10-04 10:09:40.396422,,true
pln_1d3f49d61a672755efc1865c4d9a,82728d5d3cf7f35b58bc318399c2c5caf7eeadcc37f3597cb2817a9b5a87bbf3,2024-01-21 15:48:11,plan.updated,2024-01-24 17:53:36.789666,Unlimited Data Plan,p9,USD,70.000000000,,true,,true,,true,1,month,2024-01-24 17:53:36.789666,2024-08-01 17:22:46.635276,false
pln_1d3f49d61a672755efc1865c4d9a,82728d5d3cf7f35b58bc318399c2c5caf7eeadcc37f3597cb2817a9b5a87bbf3,2024-01-21 15:48:11,plan.updated,2025-10-04 10:09:40.349041,Unlimited Data Plan,p9,USD,70.000000000,,true,,true,,true,1,month,2025-10-04 10:09:40.349041,2025-10-04 10:09:40.396422,false
pln_1d3f49d61a672755efc1865c4d9a,82728d5d3cf7f35b58bc318399c2c5caf7eeadcc37f3597cb2817a9b5a87bbf3,2024-01-21 15:48:11,plan.created,2024-01-21 15:48:11.988438,Unlimited Data Plan,p9,USD,70.000000000,,true,,true,,true,1,month,2024-01-21 15:48:11,2024-01-21 15:52:35.542929,false
pln_1d3f49d61a672755efc1865c4d9a,82728d5d3cf7f35b58bc318399c2c5caf7eeadcc37f3597cb2817a9b5a87bbf3,2024-01-21 15:48:11,plan.updated,2024-08-22 07:57:45.033593,Unlimited Data Plan,p9,USD,70.000000000,,true,,true,,true,1,month,2024-08-22 07:57:45.033593,2025-10-04 10:09:40.349041,false
pln_c5b25fc1ad1cfcaf90a87b7e086a,2aeca1a6c1ecf52b28b7f7646b6fb90563a417ee3e5dc32f9d1a50d7e8b9e13a,2025-02-25 19:26:53,plan.published,2025-02-25 19:28:35.65834,Unlimited Plan,p13,USD,40.000000000,,true,,true,,true,30,day,2025-02-25 19:28:35.65834,2025-02-26 10:14:33.426678,false
pln_c5b25fc1ad1cfcaf90a87b7e086a,2aeca1a6c1ecf52b28b7f7646b6fb90563a417ee3e5dc32f9d1a50d7e8b9e13a,2025-02-25 19:26:53,plan.updated,2025-02-25 19:28:35.624102,Unlimited Plan,p13,USD,40.000000000,,true,,true,,true,30,day,2025-02-25 19:28:35.624102,2025-02-25 19:28:35.65834,false
pln_c5b25fc1ad1cfcaf90a87b7e086a,2aeca1a6c1ecf52b28b7f7646b6fb90563a417ee3e5dc32f9d1a50d7e8b9e13a,2025-02-25 19:26:53,plan.updated,2025-02-25 19:26:54.15313,Unlimited Plan,p13,USD,40.000000000,,true,,true,,true,30,day,2025-02-25 19:26:54.15313,2025-02-25 19:28:35.624102,false
pln_c5b25fc1ad1cfcaf90a87b7e086a,2aeca1a6c1ecf52b28b7f7646b6fb90563a417ee3e5dc32f9d1a50d7e8b9e13a,2025-02-25 19:26:53,plan.updated,2025-02-26 10:14:33.426678,Unlimited Plan,p13,USD,40.000000000,,true,,true,,true,30,day,2025-02-26 10:14:33.426678,2025-04-25 09:00:39.823465,false
pln_c5b25fc1ad1cfcaf90a87b7e086a,2aeca1a6c1ecf52b28b7f7646b6fb90563a417ee3e5dc32f9d1a50d7e8b9e13a,2025-02-25 19:26:53,plan.updated,2025-04-25 09:00:39.823465,Unlimited Plan,p13,USD,40.000000000,,true,,true,,true,30,day,2025-04-25 09:00:39.823465,2025-04-25 09:00:39.854671,false
pln_c5b25fc1ad1cfcaf90a87b7e086a,2aeca1a6c1ecf52b28b7f7646b6fb90563a417ee3e5dc32f9d1a50d7e8b9e13a,2025-02-25 19:26:53,plan.archived,2025-04-25 09:00:39.854671,Unlimited Plan,p13,USD,40.000000000,,true,,true,,true,30,day,2025-04-25 09:00:39.854671,,true
pln_c5b25fc1ad1cfcaf90a87b7e086a,2aeca1a6c1ecf52b28b7f7646b6fb90563a417ee3e5dc32f9d1a50d7e8b9e13a,2025-02-25 19:26:53,plan.created,2025-02-25 19:26:53.529127,Unlimited Plan,p13,USD,40.000000000,,true,,true,,true,30,day,2025-02-25 19:26:53,2025-02-25 19:26:54.15313,false
pln_7c4da200fc4cdfae5bc148a7d90b,dace2786aee7632e61757b320a6fe5bff37a2e742fe5582c245665e3d0e3a84e,2025-03-06 13:41:39,plan.updated,2025-03-06 13:50:07.308186,Unlimited Plan,p11,USD,35.000000000,,true,,true,,true,1,month,2025-03-06 13:50:07.308186,2025-03-06 13:50:07.364658,false
pln_7c4da200fc4cdfae5bc148a7d90b,dace2786aee7632e61757b320a6fe5bff37a2e742fe5582c245665e3d0e3a84e,2025-03-06 13:41:39,plan.updated,2025-03-06 13:41:41.293319,Unlimited Plan,p11,USD,35.000000000,,true,,true,,true,1,month,2025-03-06 13:41:41.293319,2025-03-06 13:41:46.224026,false
pln_7c4da200fc4cdfae5bc148a7d90b,dace2786aee7632e61757b320a6fe5bff37a2e742fe5582c245665e3d0e3a84e,2025-03-06 13:41:39,plan.published,2025-03-06 13:41:46.297007,Unlimited Plan,p11,USD,35.000000000,,true,,true,,true,1,month,2025-03-06 13:41:46.297007,2025-03-06 13:50:07.308186,false
pln_7c4da200fc4cdfae5bc148a7d90b,dace2786aee7632e61757b320a6fe5bff37a2e742fe5582c245665e3d0e3a84e,2025-03-06 13:41:39,plan.archived,2025-03-06 13:50:07.364658,Unlimited Plan,p11,USD,35.000000000,,true,,true,,true,1,month,2025-03-06 13:50:07.364658,,true
pln_7c4da200fc4cdfae5bc148a7d90b,dace2786aee7632e61757b320a6fe5bff37a2e742fe5582c245665e3d0e3a84e,2025-03-06 13:41:39,plan.updated,2025-03-06 13:41:46.224026,Unlimited Plan,p11,USD,35.000000000,,true,,true,,true,1,month,2025-03-06 13:41:46.224026,2025-03-06 13:41:46.297007,false
pln_7c4da200fc4cdfae5bc148a7d90b,dace2786aee7632e61757b320a6fe5bff37a2e742fe5582c245665e3d0e3a84e,2025-03-06 13:41:39,plan.created,2025-03-06 13:41:39.379742,Unlimited Plan,p11,USD,35.000000000,,true,,true,,true,1,month,2025-03-06 13:41:39,2025-03-06 13:41:41.293319,false
pln_d2d79ec326a0f13ae7f5a04d874b,dace2786aee7632e61757b320a6fe5bff37a2e742fe5582c245665e3d0e3a84e,2025-03-06 13:50:07,plan.updated,2025-03-06 13:50:32.827314,Unlimited Plan,p11,USD,35.000000000,,true,,true,,true,1,month,2025-03-06 13:50:32.827314,2025-03-06 13:50:32.863011,false
pln_d2d79ec326a0f13ae7f5a04d874b,dace2786aee7632e61757b320a6fe5bff37a2e742fe5582c245665e3d0e3a84e,2025-03-06 13:50:07,plan.created,2025-03-06 13:50:07.165056,Unlimited Plan,p11,USD,35.000000000,,true,,true,,true,1,month,2025-03-06 13:50:07,2025-03-06 13:50:07.874047,false
pln_d2d79ec326a0f13ae7f5a04d874b,dace2786aee7632e61757b320a6fe5bff37a2e742fe5582c245665e3d0e3a84e,2025-03-06 13:50:07,plan.updated,2025-03-06 13:50:07.874047,Unlimited Plan,p11,USD,35.000000000,,true,,true,,true,1,month,2025-03-06 13:50:07.874047,2025-03-06 13:50:32.827314,false
pln_d2d79ec326a0f13ae7f5a04d874b,dace2786aee7632e61757b320a6fe5bff37a2e742fe5582c245665e3d0e3a84e,2025-03-06 13:50:07,plan.archived,2025-03-06 13:50:32.863011,Unlimited Plan,p11,USD,35.000000000,,true,,true,,true,1,month,2025-03-06 13:50:32.863011,,true
pln_2b3e421826160662888f2a052769,dace2786aee7632e61757b320a6fe5bff37a2e742fe5582c245665e3d0e3a84e,2025-03-06 13:50:32,plan.published,2025-03-06 13:50:44.349946,Unlimited Plan,p11,USD,35.000000000,,true,,true,,true,1,month,2025-03-06 13:50:44.349946,2025-03-13 10:05:12.585812,false
pln_2b3e421826160662888f2a052769,dace2786aee7632e61757b320a6fe5bff37a2e742fe5582c245665e3d0e3a84e,2025-03-06 13:50:32,plan.updated,2025-03-13 10:05:12.585812,Unlimited Plan,p11,USD,35.000000000,,true,,true,,true,1,month,2025-03-13 10:05:12.585812,2025-03-13 10:05:12.617201,false
pln_2b3e421826160662888f2a052769,dace2786aee7632e61757b320a6fe5bff37a2e742fe5582c245665e3d0e3a84e,2025-03-06 13:50:32,plan.updated,2025-03-06 13:50:44.309177,Unlimited Plan,p11,USD,35.000000000,,true,,true,,true,1,month,2025-03-06 13:50:44.309177,2025-03-06 13:50:44.349946,false
pln_2b3e421826160662888f2a052769,dace2786aee7632e61757b320a6fe5bff37a2e742fe5582c245665e3d0e3a84e,2025-03-06 13:50:32,plan.updated,2025-03-06 13:50:33.294121,Unlimited Plan,p11,USD,35.000000000,,true,,true,,true,1,month,2025-03-06 13:50:33.294121,2025-03-06 13:50:44.309177,false
pln_2b3e421826160662888f2a052769,dace2786aee7632e61757b320a6fe5bff37a2e742fe5582c245665e3d0e3a84e,2025-03-06 13:50:32,plan.created,2025-03-06 13:50:32.748389,Unlimited Plan,p11,USD,35.000000000,,true,,true,,true,1,month,2025-03-06 13:50:32,2025-03-06 13:50:33.294121,false
pln_2b3e421826160662888f2a052769,dace2786aee7632e61757b320a6fe5bff37a2e742fe5582c245665e3d0e3a84e,2025-03-06 13:50:32,plan.archived,2025-03-13 10:05:12.617201,Unlimited Plan,p11,USD,35.000000000,,true,,true,,true,1,month,2025-03-13 10:05:12.617201,,true
pln_c8dbf924a085e023616d27c86c68,dace2786aee7632e61757b320a6fe5bff37a2e742fe5582c245665e3d0e3a84e,2025-03-13 10:05:12,plan.updated,2025-03-24 13:22:09.000003,Unlimited Plan,p11,USD,35.000000000,,true,,true,,true,1,month,2025-03-24 13:22:09.000003,2025-03-24 13:22:09.048258,false
pln_c8dbf924a085e023616d27c86c68,dace2786aee7632e61757b320a6fe5bff37a2e742fe5582c245665e3d0e3a84e,2025-03-13 10:05:12,plan.updated,2025-03-13 10:05:13.753037,Unlimited Plan,p11,USD,35.000000000,,true,,true,,true,1,month,2025-03-13 10:05:13.753037,2025-03-13 10:05:28.78076,false
pln_c8dbf924a085e023616d27c86c68,dace2786aee7632e61757b320a6fe5bff37a2e742fe5582c245665e3d0e3a84e,2025-03-13 10:05:12,plan.created,2025-03-13 10:05:12.464554,Unlimited Plan,p11,USD,35.000000000,,true,,true,,true,1,month,2025-03-13 10:05:12,2025-03-13 10:05:13.753037,false
pln_c8dbf924a085e023616d27c86c68,dace2786aee7632e61757b320a6fe5bff37a2e742fe5582c245665e3d0e3a84e,2025-03-13 10:05:12,plan.published,2025-03-13 10:05:28.826713,Unlimited Plan,p11,USD,35.000000000,,true,,true,,true,1,month,2025-03-13 10:05:28.826713,2025-03-24 13:22:09.000003,false
pln_c8dbf924a085e023616d27c86c68,dace2786aee7632e61757b320a6fe5bff37a2e742fe5582c245665e3d0e3a84e,2025-03-13 10:05:12,plan.archived,2025-03-24 13:22:09.048258,Unlimited Plan,p11,USD,35.000000000,,true,,true,,true,1,month,2025-03-24 13:22:09.048258,,true
pln_c8dbf924a085e023616d27c86c68,dace2786aee7632e61757b320a6fe5bff37a2e742fe5582c245665e3d0e3a84e,2025-03-13 10:05:12,plan.updated,2025-03-13 10:05:28.78076,Unlimited Plan,p11,USD,35.000000000,,true,,true,,true,1,month,2025-03-13 10:05:28.78076,2025-03-13 10:05:28.826713,false
pln_afbfdccab94c7b2a1cc510e34640,dace2786aee7632e61757b320a6fe5bff37a2e742fe5582c245665e3d0e3a84e,2025-03-24 13:21:34,plan.updated,2025-03-24 13:21:53.023283,Unlimited Plan,p11,USD,1.000000000,,true,,true,,true,30,day,2025-03-24 13:21:53.023283,2025-03-24 13:21:53.062337,false
pln_afbfdccab94c7b2a1cc510e34640,dace2786aee7632e61757b320a6fe5bff37a2e742fe5582c245665e3d0e3a84e,2025-03-24 13:21:34,plan.updated,2025-03-24 13:21:36.518015,Unlimited Plan,p11,USD,1.000000000,,true,,true,,true,30,day,2025-03-24 13:21:36.518015,2025-03-24 13:21:53.023283,false
pln_afbfdccab94c7b2a1cc510e34640,dace2786aee7632e61757b320a6fe5bff37a2e742fe5582c245665e3d0e3a84e,2025-03-24 13:21:34,plan.created,2025-03-24 13:21:34.845354,Unlimited Plan,p11,USD,1.000000000,,true,,true,,true,30,day,2025-03-24 13:21:34,2025-03-24 13:21:36.518015,false
pln_afbfdccab94c7b2a1cc510e34640,dace2786aee7632e61757b320a6fe5bff37a2e742fe5582c245665e3d0e3a84e,2025-03-24 13:21:34,plan.archived,2025-03-24 13:21:53.062337,Unlimited Plan,p11,USD,1.000000000,,true,,true,,true,30,day,2025-03-24 13:21:53.062337,,true
pln_9127a74e8d609bcaf5cb6572ba68,dace2786aee7632e61757b320a6fe5bff37a2e742fe5582c245665e3d0e3a84e,2025-03-24 13:21:52,plan.updated,2025-03-24 21:06:00.132501,Ultra Unlimited,p11,USD,1.000000000,,true,,true,,true,30,month,2025-03-24 21:06:00.132501,2025-03-25 13:29:04.303541,false
pln_9127a74e8d609bcaf5cb6572ba68,dace2786aee7632e61757b320a6fe5bff37a2e742fe5582c245665e3d0e3a84e,2025-03-24 13:21:52,plan.updated,2025-03-24 13:21:53.757098,Unlimited Plan,p11,USD,1.000000000,,true,,true,,true,30,month,2025-03-24 13:21:53.757098,2025-03-24 13:22:27.073937,false
pln_9127a74e8d609bcaf5cb6572ba68,dace2786aee7632e61757b320a6fe5bff37a2e742fe5582c245665e3d0e3a84e,2025-03-24 13:21:52,plan.created,2025-03-24 13:21:52.902182,Unlimited Plan,p11,USD,1.000000000,,true,,true,,true,30,month,2025-03-24 13:21:52,2025-03-24 13:21:53.757098,false
pln_9127a74e8d609bcaf5cb6572ba68,dace2786aee7632e61757b320a6fe5bff37a2e742fe5582c245665e3d0e3a84e,2025-03-24 13:21:52,plan.updated,2025-03-25 13:29:04.303541,Ultra Unlimited,p11,USD,1.000000000,,true,,true,,true,30,month,2025-03-25 13:29:04.303541,2025-03-25 13:29:04.335124,false
pln_9127a74e8d609bcaf5cb6572ba68,dace2786aee7632e61757b320a6fe5bff37a2e742fe5582c245665e3d0e3a84e,2025-03-24 13:21:52,plan.archived,2025-03-25 13:29:04.335124,Ultra Unlimited,p11,USD,1.000000000,,true,,true,,true,30,month,2025-03-25 13:29:04.335124,,true
pln_9127a74e8d609bcaf5cb6572ba68,dace2786aee7632e61757b320a6fe5bff37a2e742fe5582c245665e3d0e3a84e,2025-03-24 13:21:52,plan.published,2025-03-24 13:22:27.107181,Unlimited Plan,p11,USD,1.000000000,,true,,true,,true,30,month,2025-03-24 13:22:27.107181,2025-03-24 19:28:16.163533,false
pln_9127a74e8d609bcaf5cb6572ba68,dace2786aee7632e61757b320a6fe5bff37a2e742fe5582c245665e3d0e3a84e,2025-03-24 13:21:52,plan.updated,2025-03-24 13:22:27.073937,Unlimited Plan,p11,USD,1.000000000,,true,,true,,true,30,month,2025-03-24 13:22:27.073937,2025-03-24 13:22:27.107181,false
pln_9127a74e8d609bcaf5cb6572ba68,dace2786aee7632e61757b320a6fe5bff37a2e742fe5582c245665e3d0e3a84e,2025-03-24 13:21:52,plan.updated,2025-03-24 19:28:16.163533,Unlimited Ultra,p11,USD,1.000000000,,true,,true,,true,30,month,2025-03-24 19:28:16.163533,2025-03-24 21:06:00.132501,false
pln_0f3429cb59fecbf9342935885a80,dace2786aee7632e61757b320a6fe5bff37a2e742fe5582c245665e3d0e3a84e,2025-03-25 13:29:04,plan.updated,2025-03-25 18:07:47.793196,Ultra Unlimited,p11,USD,1.000000000,,true,,true,,true,1,month,2025-03-25 18:07:47.793196,2025-03-25 18:07:47.824119,false
pln_0f3429cb59fecbf9342935885a80,dace2786aee7632e61757b320a6fe5bff37a2e742fe5582c245665e3d0e3a84e,2025-03-25 13:29:04,plan.updated,2025-03-25 13:29:13.802505,Ultra Unlimited,p11,USD,1.000000000,,true,,true,,true,1,month,2025-03-25 13:29:13.802505,2025-03-25 13:29:13.82922,false
pln_0f3429cb59fecbf9342935885a80,dace2786aee7632e61757b320a6fe5bff37a2e742fe5582c245665e3d0e3a84e,2025-03-25 13:29:04,plan.archived,2025-03-25 18:07:47.824119,Ultra Unlimited,p11,USD,1.000000000,,true,,true,,true,1,month,2025-03-25 18:07:47.824119,,true
pln_0f3429cb59fecbf9342935885a80,dace2786aee7632e61757b320a6fe5bff37a2e742fe5582c245665e3d0e3a84e,2025-03-25 13:29:04,plan.published,2025-03-25 13:29:13.82922,Ultra Unlimited,p11,USD,1.000000000,,true,,true,,true,1,month,2025-03-25 13:29:13.82922,2025-03-25 18:07:47.793196,false
pln_0f3429cb59fecbf9342935885a80,dace2786aee7632e61757b320a6fe5bff37a2e742fe5582c245665e3d0e3a84e,2025-03-25 13:29:04,plan.created,2025-03-25 13:29:04.185231,Ultra Unlimited,p11,USD,1.000000000,,true,,true,,true,1,month,2025-03-25 13:29:04,2025-03-25 13:29:05.280057,false
pln_0f3429cb59fecbf9342935885a80,dace2786aee7632e61757b320a6fe5bff37a2e742fe5582c245665e3d0e3a84e,2025-03-25 13:29:04,plan.updated,2025-03-25 13:29:05.280057,Ultra Unlimited,p11,USD,1.000000000,,true,,true,,true,1,month,2025-03-25 13:29:05.280057,2025-03-25 13:29:13.802505,false
pln_b1170dae96ca15ed5587496d7f9e,dace2786aee7632e61757b320a6fe5bff37a2e742fe5582c245665e3d0e3a84e,2025-03-25 18:07:47,plan.updated,2025-03-25 18:07:48.557014,Ultra Unlimited,p11,USD,1.000000000,,true,,true,,true,30,day,2025-03-25 18:07:48.557014,2025-03-25 18:07:53.247148,false
pln_b1170dae96ca15ed5587496d7f9e,dace2786aee7632e61757b320a6fe5bff37a2e742fe5582c245665e3d0e3a84e,2025-03-25 18:07:47,plan.created,2025-03-25 18:07:47.690681,Ultra Unlimited,p11,USD,1.000000000,,true,,true,,true,30,day,2025-03-25 18:07:47,2025-03-25 18:07:48.557014,false
pln_b1170dae96ca15ed5587496d7f9e,dace2786aee7632e61757b320a6fe5bff37a2e742fe5582c245665e3d0e3a84e,2025-03-25 18:07:47,plan.published,2025-03-25 18:07:53.276928,Ultra Unlimited,p11,USD,1.000000000,,true,,true,,true,30,day,2025-03-25 18:07:53.276928,2025-04-02 01:37:21.416716,false
pln_b1170dae96ca15ed5587496d7f9e,dace2786aee7632e61757b320a6fe5bff37a2e742fe5582c245665e3d0e3a84e,2025-03-25 18:07:47,plan.updated,2025-03-25 18:07:53.247148,Ultra Unlimited,p11,USD,1.000000000,,true,,true,,true,30,day,2025-03-25 18:07:53.247148,2025-03-25 18:07:53.276928,false
pln_b1170dae96ca15ed5587496d7f9e,dace2786aee7632e61757b320a6fe5bff37a2e742fe5582c245665e3d0e3a84e,2025-03-25 18:07:47,plan.archived,2025-04-02 01:37:21.442869,Ultra Unlimited,p11,USD,1.000000000,,true,,true,,true,30,day,2025-04-02 01:37:21.442869,,true
pln_b1170dae96ca15ed5587496d7f9e,dace2786aee7632e61757b320a6fe5bff37a2e742fe5582c245665e3d0e3a84e,2025-03-25 18:07:47,plan.updated,2025-04-02 01:37:21.416716,Ultra Unlimited,p11,USD,1.000000000,,true,,true,,true,30,day,2025-04-02 01:37:21.416716,2025-04-02 01:37:21.442869,false
pln_be484393f3f4236b0d97a8e08cc6,dace2786aee7632e61757b320a6fe5bff37a2e742fe5582c245665e3d0e3a84e,2025-04-02 01:37:20,plan.archived,2025-04-21 16:05:02.20208,Ultra Unlimited,p11,USD,35.000000000,,true,,true,,true,30,day,2025-04-21 16:05:02.20208,,true
pln_be484393f3f4236b0d97a8e08cc6,dace2786aee7632e61757b320a6fe5bff37a2e742fe5582c245665e3d0e3a84e,2025-04-02 01:37:20,plan.updated,2025-04-21 14:47:44.059217,Ultra Unlimited,p11,USD,35.000000000,,true,,true,,true,30,day,2025-04-21 14:47:44.059217,2025-04-21 16:05:02.178924,false
pln_be484393f3f4236b0d97a8e08cc6,dace2786aee7632e61757b320a6fe5bff37a2e742fe5582c245665e3d0e3a84e,2025-04-02 01:37:20,plan.updated,2025-04-02 01:37:21.33663,Ultra Unlimited,p11,USD,35.000000000,,true,,true,,true,30,day,2025-04-02 01:37:21.33663,2025-04-02 01:37:29.921344,false
pln_be484393f3f4236b0d97a8e08cc6,dace2786aee7632e61757b320a6fe5bff37a2e742fe5582c245665e3d0e3a84e,2025-04-02 01:37:20,plan.updated,2025-04-21 16:05:02.178924,Ultra Unlimited,p11,USD,35.000000000,,true,,true,,true,30,day,2025-04-21 16:05:02.178924,2025-04-21 16:05:02.20208,false
pln_be484393f3f4236b0d97a8e08cc6,dace2786aee7632e61757b320a6fe5bff37a2e742fe5582c245665e3d0e3a84e,2025-04-02 01:37:20,plan.updated,2025-04-02 01:37:29.921344,Ultra Unlimited,p11,USD,35.000000000,,true,,true,,true,30,day,2025-04-02 01:37:29.921344,2025-04-02 01:37:29.951917,false
pln_be484393f3f4236b0d97a8e08cc6,dace2786aee7632e61757b320a6fe5bff37a2e742fe5582c245665e3d0e3a84e,2025-04-02 01:37:20,plan.created,2025-04-02 01:37:20.950836,Ultra Unlimited,p11,USD,35.000000000,,true,,true,,true,30,day,2025-04-02 01:37:20,2025-04-02 01:37:21.33663,false
pln_be484393f3f4236b0d97a8e08cc6,dace2786aee7632e61757b320a6fe5bff37a2e742fe5582c245665e3d0e3a84e,2025-04-02 01:37:20,plan.published,2025-04-02 01:37:29.951917,Ultra Unlimited,p11,USD,35.000000000,,true,,true,,true,30,day,2025-04-02 01:37:29.951917,2025-04-21 14:47:44.059217,false
pln_b7d95d5a36c39e6b01e33df4b721,dace2786aee7632e61757b320a6fe5bff37a2e742fe5582c245665e3d0e3a84e,2025-04-15 18:30:51,plan.updated,2025-04-17 15:29:17.398365,Ultra Unlimited,p11,USD,35.000000000,,true,,true,,true,30,day,2025-04-17 15:29:17.398365,2025-04-17 15:29:17.422273,false
pln_b7d95d5a36c39e6b01e33df4b721,dace2786aee7632e61757b320a6fe5bff37a2e742fe5582c245665e3d0e3a84e,2025-04-15 18:30:51,plan.updated,2025-04-15 18:30:52.523279,Ultra Unlimited,p11,USD,35.000000000,,true,,true,,true,30,day,2025-04-15 18:30:52.523279,2025-04-17 15:29:17.398365,false
pln_b7d95d5a36c39e6b01e33df4b721,dace2786aee7632e61757b320a6fe5bff37a2e742fe5582c245665e3d0e3a84e,2025-04-15 18:30:51,plan.created,2025-04-15 18:30:51.555589,Ultra Unlimited,p11,USD,35.000000000,,true,,true,,true,30,day,2025-04-15 18:30:51,2025-04-15 18:30:52.523279,false
pln_b7d95d5a36c39e6b01e33df4b721,dace2786aee7632e61757b320a6fe5bff37a2e742fe5582c245665e3d0e3a84e,2025-04-15 18:30:51,plan.archived,2025-04-17 15:29:17.422273,Ultra Unlimited,p11,USD,35.000000000,,true,,true,,true,30,day,2025-04-17 15:29:17.422273,,true
pln_b109c69e95246b6d535b9cc9174f,dace2786aee7632e61757b320a6fe5bff37a2e742fe5582c245665e3d0e3a84e,2025-04-17 15:29:16,plan.published,2025-04-21 14:40:03.531748,Ultra Unlimited,p11,USD,35.000000000,,true,,true,,true,30,day,2025-04-21 14:40:03.531748,2025-06-03 11:33:40.461513,false
pln_b109c69e95246b6d535b9cc9174f,dace2786aee7632e61757b320a6fe5bff37a2e742fe5582c245665e3d0e3a84e,2025-04-17 15:29:16,plan.updated,2025-04-21 14:40:03.507905,Ultra Unlimited,p11,USD,35.000000000,,true,,true,,true,30,day,2025-04-21 14:40:03.507905,2025-04-21 14:40:03.531748,false
pln_b109c69e95246b6d535b9cc9174f,dace2786aee7632e61757b320a6fe5bff37a2e742fe5582c245665e3d0e3a84e,2025-04-17 15:29:16,plan.updated,2025-06-03 11:33:40.461513,Ultra Unlimited,p11,USD,35.000000000,,true,,true,,true,30,day,2025-06-03 11:33:40.461513,,true
pln_b109c69e95246b6d535b9cc9174f,dace2786aee7632e61757b320a6fe5bff37a2e742fe5582c245665e3d0e3a84e,2025-04-17 15:29:16,plan.updated,2025-04-17 15:29:17.329288,Ultra Unlimited,p11,USD,35.000000000,,true,,true,,true,30,day,2025-04-17 15:29:17.329288,2025-04-21 14:40:03.507905,false
pln_b109c69e95246b6d535b9cc9174f,dace2786aee7632e61757b320a6fe5bff37a2e742fe5582c245665e3d0e3a84e,2025-04-17 15:29:16,plan.created,2025-04-17 15:29:16.707344,Ultra Unlimited,p11,USD,35.000000000,,true,,true,,true,30,day,2025-04-17 15:29:16,2025-04-17 15:29:17.329288,false
pln_a77a368011e31330c4ce88614272,2aeca1a6c1ecf52b28b7f7646b6fb90563a417ee3e5dc32f9d1a50d7e8b9e13a,2025-04-25 09:00:38,plan.published,2025-04-25 09:01:00.697155,Unlimited Plan,p13,USD,40.000000000,,true,,true,,true,30,day,2025-04-25 09:01:00.697155,,true
pln_a77a368011e31330c4ce88614272,2aeca1a6c1ecf52b28b7f7646b6fb90563a417ee3e5dc32f9d1a50d7e8b9e13a,2025-04-25 09:00:38,plan.updated,2025-04-25 09:01:00.630527,Unlimited Plan,p13,USD,40.000000000,,true,,true,,true,30,day,2025-04-25 09:01:00.630527,2025-04-25 09:01:00.697155,false
pln_a77a368011e31330c4ce88614272,2aeca1a6c1ecf52b28b7f7646b6fb90563a417ee3e5dc32f9d1a50d7e8b9e13a,2025-04-25 09:00:38,plan.created,2025-04-25 09:00:38.677079,Unlimited Plan,p13,USD,40.000000000,,true,,true,,true,30,day,2025-04-25 09:00:38,2025-04-25 09:00:39.727315,false
pln_a77a368011e31330c4ce88614272,2aeca1a6c1ecf52b28b7f7646b6fb90563a417ee3e5dc32f9d1a50d7e8b9e13a,2025-04-25 09:00:38,plan.updated,2025-04-25 09:00:39.727315,Unlimited Plan,p13,USD,40.000000000,,true,,true,,true,30,day,2025-04-25 09:00:39.727315,2025-04-25 09:01:00.630527,false
pln_7b246d9bc4f210a87b0b7c0a471f,dace2786aee7632e61757b320a6fe5bff37a2e742fe5582c245665e3d0e3a84e,2025-05-23 18:56:56,plan.created,2025-05-23 18:56:56.201213,Ultra Unlimited,p11,USD,35.000000000,,true,,true,,true,30,day,2025-05-23 18:56:56,2025-05-23 18:56:57.821855,false
pln_7b246d9bc4f210a87b0b7c0a471f,dace2786aee7632e61757b320a6fe5bff37a2e742fe5582c245665e3d0e3a84e,2025-05-23 18:56:56,plan.updated,2025-05-23 18:56:57.821855,Ultra Unlimited,p11,USD,35.000000000,,true,,true,,true,30,day,2025-05-23 18:56:57.821855,,true
pln_5ff28e6e017a6b87f7a529f0f05d,dace2786aee7632e61757b320a6fe5bff37a2e742fe5582c245665e3d0e3a84e,2025-03-03 18:42:39,plan.archived,2025-03-06 13:24:38.147751,SMS Only Plan,p11,USD,1.000000000,0.000000000,false,0.000000000,false,,true,1,month,2025-03-06 13:24:38.147751,,true
pln_5ff28e6e017a6b87f7a529f0f05d,dace2786aee7632e61757b320a6fe5bff37a2e742fe5582c245665e3d0e3a84e,2025-03-03 18:42:39,plan.updated,2025-03-03 18:42:45.811866,SMS Only Plan,p11,USD,1.000000000,0.000000000,false,0.000000000,false,,true,1,month,2025-03-03 18:42:45.811866,2025-03-03 18:42:45.841068,false
pln_5ff28e6e017a6b87f7a529f0f05d,dace2786aee7632e61757b320a6fe5bff37a2e742fe5582c245665e3d0e3a84e,2025-03-03 18:42:39,plan.updated,2025-03-06 13:24:38.1146,SMS Only Plan,p11,USD,1.000000000,0.000000000,false,0.000000000,false,,true,1,month,2025-03-06 13:24:38.1146,2025-03-06 13:24:38.147751,false
pln_5ff28e6e017a6b87f7a529f0f05d,dace2786aee7632e61757b320a6fe5bff37a2e742fe5582c245665e3d0e3a84e,2025-03-03 18:42:39,plan.created,2025-03-03 18:42:39.168584,SMS Only Plan,p11,USD,1.000000000,0.000000000,false,0.000000000,false,,true,1,month,2025-03-03 18:42:39,2025-03-03 18:42:39.657301,false
pln_5ff28e6e017a6b87f7a529f0f05d,dace2786aee7632e61757b320a6fe5bff37a2e742fe5582c245665e3d0e3a84e,2025-03-03 18:42:39,plan.published,2025-03-03 18:42:45.841068,SMS Only Plan,p11,USD,1.000000000,0.000000000,false,0.000000000,false,,true,1,month,2025-03-03 18:42:45.841068,2025-03-06 13:24:38.1146,false
pln_5ff28e6e017a6b87f7a529f0f05d,dace2786aee7632e61757b320a6fe5bff37a2e742fe5582c245665e3d0e3a84e,2025-03-03 18:42:39,plan.updated,2025-03-03 18:42:39.657301,SMS Only Plan,p11,USD,1.000000000,0.000000000,false,0.000000000,false,,true,1,month,2025-03-03 18:42:39.657301,2025-03-03 18:42:45.811866,false
pln_53c4cf73a93fef35a57d35ff0167,dace2786aee7632e61757b320a6fe5bff37a2e742fe5582c245665e3d0e3a84e,2025-03-06 13:24:37,plan.created,2025-03-06 13:24:38.001587,SMS Only Plan,p11,USD,1.000000000,0.000000000,false,0.000000000,false,0.000000000,false,1,month,2025-03-06 13:24:37,2025-03-06 13:24:38.876941,false
pln_53c4cf73a93fef35a57d35ff0167,dace2786aee7632e61757b320a6fe5bff37a2e742fe5582c245665e3d0e3a84e,2025-03-06 13:24:37,plan.updated,2025-03-06 13:24:38.876941,SMS Only Plan,p11,USD,1.000000000,0.000000000,false,0.000000000,false,0.000000000,false,1,month,2025-03-06 13:24:38.876941,2025-03-06 13:24:43.110081,false
pln_53c4cf73a93fef35a57d35ff0167,dace2786aee7632e61757b320a6fe5bff37a2e742fe5582c245665e3d0e3a84e,2025-03-06 13:24:37,plan.archived,2025-03-06 13:46:28.109009,No Allowances Plan,p11,USD,1.000000000,0.000000000,false,0.000000000,false,0.000000000,false,1,month,2025-03-06 13:46:28.109009,,true
pln_53c4cf73a93fef35a57d35ff0167,dace2786aee7632e61757b320a6fe5bff37a2e742fe5582c245665e3d0e3a84e,2025-03-06 13:24:37,plan.updated,2025-03-06 13:46:28.076631,No Allowances Plan,p11,USD,1.000000000,0.000000000,false,0.000000000,false,0.000000000,false,1,month,2025-03-06 13:46:28.076631,2025-03-06 13:46:28.109009,false
pln_53c4cf73a93fef35a57d35ff0167,dace2786aee7632e61757b320a6fe5bff37a2e742fe5582c245665e3d0e3a84e,2025-03-06 13:24:37,plan.published,2025-03-06 13:24:43.222296,SMS Only Plan,p11,USD,1.000000000,0.000000000,false,0.000000000,false,0.000000000,false,1,month,2025-03-06 13:24:43.222296,2025-03-06 13:25:15.418218,false
pln_53c4cf73a93fef35a57d35ff0167,dace2786aee7632e61757b320a6fe5bff37a2e742fe5582c245665e3d0e3a84e,2025-03-06 13:24:37,plan.updated,2025-03-06 13:25:15.418218,No Allowances Plan,p11,USD,1.000000000,0.000000000,false,0.000000000,false,0.000000000,false,1,month,2025-03-06 13:25:15.418218,2025-03-06 13:46:28.076631,false
pln_53c4cf73a93fef35a57d35ff0167,dace2786aee7632e61757b320a6fe5bff37a2e742fe5582c245665e3d0e3a84e,2025-03-06 13:24:37,plan.updated,2025-03-06 13:24:43.110081,SMS Only Plan,p11,USD,1.000000000,0.000000000,false,0.000000000,false,0.000000000,false,1,month,2025-03-06 13:24:43.110081,2025-03-06 13:24:43.222296,false
pln_d5850c3dd717d328201a1603eab2,dace2786aee7632e61757b320a6fe5bff37a2e742fe5582c245665e3d0e3a84e,2025-03-06 13:46:27,plan.published,2025-03-06 13:46:56.461638,No Allowances Plan,p11,USD,1.000000000,0.000000000,false,0.000000000,false,0.000000000,false,1,month,2025-03-06 13:46:56.461638,2025-03-06 13:54:15.26449,false
pln_d5850c3dd717d328201a1603eab2,dace2786aee7632e61757b320a6fe5bff37a2e742fe5582c245665e3d0e3a84e,2025-03-06 13:46:27,plan.updated,2025-03-06 13:46:56.431283,No Allowances Plan,p11,USD,1.000000000,0.000000000,false,0.000000000,false,0.000000000,false,1,month,2025-03-06 13:46:56.431283,2025-03-06 13:46:56.461638,false
pln_d5850c3dd717d328201a1603eab2,dace2786aee7632e61757b320a6fe5bff37a2e742fe5582c245665e3d0e3a84e,2025-03-06 13:46:27,plan.updated,2025-03-06 13:54:15.26449,No Allowances Plan,p11,USD,1.000000000,0.000000000,false,0.000000000,false,0.000000000,false,1,month,2025-03-06 13:54:15.26449,2025-03-06 13:54:15.303793,false
pln_d5850c3dd717d328201a1603eab2,dace2786aee7632e61757b320a6fe5bff37a2e742fe5582c245665e3d0e3a84e,2025-03-06 13:46:27,plan.archived,2025-03-06 13:54:15.303793,No Allowances Plan,p11,USD,1.000000000,0.000000000,false,0.000000000,false,0.000000000,false,1,month,2025-03-06 13:54:15.303793,,true
pln_d5850c3dd717d328201a1603eab2,dace2786aee7632e61757b320a6fe5bff37a2e742fe5582c245665e3d0e3a84e,2025-03-06 13:46:27,plan.created,2025-03-06 13:46:27.970908,No Allowances Plan,p11,USD,1.000000000,0.000000000,false,0.000000000,false,0.000000000,false,1,month,2025-03-06 13:46:27,2025-03-06 13:46:28.958569,false
pln_d5850c3dd717d328201a1603eab2,dace2786aee7632e61757b320a6fe5bff37a2e742fe5582c245665e3d0e3a84e,2025-03-06 13:46:27,plan.updated,2025-03-06 13:46:28.958569,No Allowances Plan,p11,USD,1.000000000,0.000000000,false,0.000000000,false,0.000000000,false,1,month,2025-03-06 13:46:28.958569,2025-03-06 13:46:56.431283,false
pln_6f133b51fbee6c84ab513031ca12,dace2786aee7632e61757b320a6fe5bff37a2e742fe5582c245665e3d0e3a84e,2025-03-06 13:54:15,plan.updated,2025-03-25 18:08:07.474059,No Allowances Plan,p11,USD,1.000000000,0.000000000,false,0.000000000,false,0.000000000,false,1,month,2025-03-25 18:08:07.474059,2025-03-25 18:08:07.506192,false
pln_6f133b51fbee6c84ab513031ca12,dace2786aee7632e61757b320a6fe5bff37a2e742fe5582c245665e3d0e3a84e,2025-03-06 13:54:15,plan.archived,2025-03-25 18:08:07.506192,No Allowances Plan,p11,USD,1.000000000,0.000000000,false,0.000000000,false,0.000000000,false,1,month,2025-03-25 18:08:07.506192,,true
pln_6f133b51fbee6c84ab513031ca12,dace2786aee7632e61757b320a6fe5bff37a2e742fe5582c245665e3d0e3a84e,2025-03-06 13:54:15,plan.created,2025-03-06 13:54:15.119597,No Allowances Plan,p11,USD,1.000000000,0.000000000,false,0.000000000,false,0.000000000,false,1,month,2025-03-06 13:54:15,2025-03-06 13:54:16.471155,false
pln_6f133b51fbee6c84ab513031ca12,dace2786aee7632e61757b320a6fe5bff37a2e742fe5582c245665e3d0e3a84e,2025-03-06 13:54:15,plan.updated,2025-03-06 13:54:16.471155,No Allowances Plan,p11,USD,1.000000000,0.000000000,false,0.000000000,false,0.000000000,false,1,month,2025-03-06 13:54:16.471155,2025-03-06 13:54:23.246701,false
pln_6f133b51fbee6c84ab513031ca12,dace2786aee7632e61757b320a6fe5bff37a2e742fe5582c245665e3d0e3a84e,2025-03-06 13:54:15,plan.updated,2025-03-06 13:54:23.246701,No Allowances Plan,p11,USD,1.000000000,0.000000000,false,0.000000000,false,0.000000000,false,1,month,2025-03-06 13:54:23.246701,2025-03-06 13:54:23.279016,false
pln_6f133b51fbee6c84ab513031ca12,dace2786aee7632e61757b320a6fe5bff37a2e742fe5582c245665e3d0e3a84e,2025-03-06 13:54:15,plan.published,2025-03-06 13:54:23.279016,No Allowances Plan,p11,USD,1.000000000,0.000000000,false,0.000000000,false,0.000000000,false,1,month,2025-03-06 13:54:23.279016,2025-03-25 18:08:07.474059,false
pln_82c3b1ac4fde7b533157e3acdc65,dace2786aee7632e61757b320a6fe5bff37a2e742fe5582c245665e3d0e3a84e,2025-03-25 18:08:07,plan.published,2025-04-10 08:11:27.6658,No Allowances Plan,p11,USD,1.000000000,0.000000000,false,0.000000000,false,0.000000000,false,30,day,2025-04-10 08:11:27.6658,2025-04-15 21:07:14.193557,false
pln_82c3b1ac4fde7b533157e3acdc65,dace2786aee7632e61757b320a6fe5bff37a2e742fe5582c245665e3d0e3a84e,2025-03-25 18:08:07,plan.archived,2025-04-15 21:07:14.228616,No Allowances Plan,p11,USD,1.000000000,0.000000000,false,0.000000000,false,0.000000000,false,30,day,2025-04-15 21:07:14.228616,,true
pln_82c3b1ac4fde7b533157e3acdc65,dace2786aee7632e61757b320a6fe5bff37a2e742fe5582c245665e3d0e3a84e,2025-03-25 18:08:07,plan.archived,2025-04-10 08:11:21.306255,No Allowances Plan,p11,USD,1.000000000,0.000000000,false,0.000000000,false,0.000000000,false,30,day,2025-04-10 08:11:21.306255,2025-04-10 08:11:27.608547,false
pln_82c3b1ac4fde7b533157e3acdc65,dace2786aee7632e61757b320a6fe5bff37a2e742fe5582c245665e3d0e3a84e,2025-03-25 18:08:07,plan.updated,2025-03-25 18:08:13.266193,No Allowances Plan,p11,USD,1.000000000,0.000000000,false,0.000000000,false,0.000000000,false,30,day,2025-03-25 18:08:13.266193,2025-03-25 18:08:13.312121,false
pln_82c3b1ac4fde7b533157e3acdc65,dace2786aee7632e61757b320a6fe5bff37a2e742fe5582c245665e3d0e3a84e,2025-03-25 18:08:07,plan.created,2025-03-25 18:08:07.379252,No Allowances Plan,p11,USD,1.000000000,0.000000000,false,0.000000000,false,0.000000000,false,30,day,2025-03-25 18:08:07,2025-03-25 18:08:07.695711,false
pln_82c3b1ac4fde7b533157e3acdc65,dace2786aee7632e61757b320a6fe5bff37a2e742fe5582c245665e3d0e3a84e,2025-03-25 18:08:07,plan.updated,2025-03-25 18:08:07.695711,No Allowances Plan,p11,USD,1.000000000,0.000000000,false,0.000000000,false,0.000000000,false,30,day,2025-03-25 18:08:07.695711,2025-03-25 18:08:13.266193,false
pln_82c3b1ac4fde7b533157e3acdc65,dace2786aee7632e61757b320a6fe5bff37a2e742fe5582c245665e3d0e3a84e,2025-03-25 18:08:07,plan.published,2025-03-25 18:08:13.312121,No Allowances Plan,p11,USD,1.000000000,0.000000000,false,0.000000000,false,0.000000000,false,30,day,2025-03-25 18:08:13.312121,2025-04-01 16:36:20.859051,false
pln_82c3b1ac4fde7b533157e3acdc65,dace2786aee7632e61757b320a6fe5bff37a2e742fe5582c245665e3d0e3a84e,2025-03-25 18:08:07,plan.updated,2025-04-01 16:36:20.859051,No Allowances Plan,p11,USD,1.000000000,0.000000000,false,0.000000000,false,0.000000000,false,30,day,2025-04-01 16:36:20.859051,2025-04-10 08:11:21.280074,false
pln_82c3b1ac4fde7b533157e3acdc65,dace2786aee7632e61757b320a6fe5bff37a2e742fe5582c245665e3d0e3a84e,2025-03-25 18:08:07,plan.updated,2025-04-15 21:07:14.193557,No Allowances Plan,p11,USD,1.000000000,0.000000000,false,0.000000000,false,0.000000000,false,30,day,2025-04-15 21:07:14.193557,2025-04-15 21:07:14.228616,false
pln_82c3b1ac4fde7b533157e3acdc65,dace2786aee7632e61757b320a6fe5bff37a2e742fe5582c245665e3d0e3a84e,2025-03-25 18:08:07,plan.updated,2025-04-10 08:11:27.608547,No Allowances Plan,p11,USD,1.000000000,0.000000000,false,0.000000000,false,0.000000000,false,30,day,2025-04-10 08:11:27.608547,2025-04-10 08:11:27.6658,false
pln_82c3b1ac4fde7b533157e3acdc65,dace2786aee7632e61757b320a6fe5bff37a2e742fe5582c245665e3d0e3a84e,2025-03-25 18:08:07,plan.updated,2025-04-10 08:11:21.280074,No Allowances Plan,p11,USD,1.000000000,0.000000000,false,0.000000000,false,0.000000000,false,30,day,2025-04-10 08:11:21.280074,2025-04-10 08:11:21.306255,false
pln_c2e73083cdcd7349ed576eea5f06,dace2786aee7632e61757b320a6fe5bff37a2e742fe5582c245665e3d0e3a84e,2025-04-10 08:11:20,plan.published,2025-04-10 08:11:32.742277,No Allowances Plan,p11,USD,0.000000000,0.000000000,false,0.000000000,false,0.000000000,false,30,day,2025-04-10 08:11:32.742277,2025-04-10 20:30:37.994851,false
pln_c2e73083cdcd7349ed576eea5f06,dace2786aee7632e61757b320a6fe5bff37a2e742fe5582c245665e3d0e3a84e,2025-04-10 08:11:20,plan.updated,2025-04-10 08:11:32.713595,No Allowances Plan,p11,USD,0.000000000,0.000000000,false,0.000000000,false,0.000000000,false,30,day,2025-04-10 08:11:32.713595,2025-04-10 08:11:32.742277,false
pln_c2e73083cdcd7349ed576eea5f06,dace2786aee7632e61757b320a6fe5bff37a2e742fe5582c245665e3d0e3a84e,2025-04-10 08:11:20,plan.updated,2025-04-10 20:30:37.994851,No Allowances Plan,p11,USD,0.000000000,0.000000000,false,0.000000000,false,0.000000000,false,30,day,2025-04-10 20:30:37.994851,,true
pln_c2e73083cdcd7349ed576eea5f06,dace2786aee7632e61757b320a6fe5bff37a2e742fe5582c245665e3d0e3a84e,2025-04-10 08:11:20,plan.created,2025-04-10 08:11:20.060313,No Allowances Plan,p11,USD,0.000000000,0.000000000,false,0.000000000,false,0.000000000,false,30,day,2025-04-10 08:11:20,2025-04-10 08:11:21.197439,false
pln_c2e73083cdcd7349ed576eea5f06,dace2786aee7632e61757b320a6fe5bff37a2e742fe5582c245665e3d0e3a84e,2025-04-10 08:11:20,plan.updated,2025-04-10 08:11:21.197439,No Allowances Plan,p11,USD,0.000000000,0.000000000,false,0.000000000,false,0.000000000,false,30,day,2025-04-10 08:11:21.197439,2025-04-10 08:11:32.713595,false
pln_d33b29636fd869a3def08d0fb54f,82728d5d3cf7f35b58bc318399c2c5caf7eeadcc37f3597cb2817a9b5a87bbf3,2023-12-29 18:42:14,plan.archived,2024-01-21 15:51:46.560897,Easy Plan,p4,USD,30.000000000,1000.000000000,false,,true,,true,30,day,2024-01-21 15:51:46.560897,,true
pln_d33b29636fd869a3def08d0fb54f,82728d5d3cf7f35b58bc318399c2c5caf7eeadcc37f3597cb2817a9b5a87bbf3,2023-12-29 18:42:14,plan.published,2023-12-29 18:44:50.576553,Easy Plan,p4,USD,30.000000000,1000.000000000,false,,true,,true,30,day,2023-12-29 18:44:50.576553,2024-01-21 15:51:46.464544,false
pln_d33b29636fd869a3def08d0fb54f,82728d5d3cf7f35b58bc318399c2c5caf7eeadcc37f3597cb2817a9b5a87bbf3,2023-12-29 18:42:14,plan.updated,2024-01-21 15:51:46.464544,Easy Plan,p4,USD,30.000000000,1000.000000000,false,,true,,true,30,day,2024-01-21 15:51:46.464544,2024-01-21 15:51:46.560897,false
pln_d33b29636fd869a3def08d0fb54f,82728d5d3cf7f35b58bc318399c2c5caf7eeadcc37f3597cb2817a9b5a87bbf3,2023-12-29 18:42:14,plan.updated,2023-12-29 18:44:50.527543,Easy Plan,p4,USD,30.000000000,1000.000000000,false,,true,,true,30,day,2023-12-29 18:44:50.527543,2023-12-29 18:44:50.576553,false
pln_d33b29636fd869a3def08d0fb54f,82728d5d3cf7f35b58bc318399c2c5caf7eeadcc37f3597cb2817a9b5a87bbf3,2023-12-29 18:42:14,plan.created,2023-12-29 18:42:14.796361,Easy Plan,p4,USD,30.000000000,1000.000000000,false,,true,,true,30,day,2023-12-29 18:42:14,2023-12-29 18:44:50.527543,false
pln_0a3b55b9abb575b023c07e617b49,82728d5d3cf7f35b58bc318399c2c5caf7eeadcc37f3597cb2817a9b5a87bbf3,2024-01-21 15:51:46,plan.updated,2024-01-21 17:07:40.732903,Easy Plan,p9,USD,30.000000000,1000.000000000,false,,true,,true,1,month,2024-01-21 17:07:40.732903,2024-01-24 18:25:07.645118,false
pln_0a3b55b9abb575b023c07e617b49,82728d5d3cf7f35b58bc318399c2c5caf7eeadcc37f3597cb2817a9b5a87bbf3,2024-01-21 15:51:46,plan.updated,2024-01-21 15:52:05.620869,Easy Plan,p9,USD,30.000000000,1000.000000000,false,,true,,true,1,month,2024-01-21 15:52:05.620869,2024-01-21 15:52:05.663639,false
pln_0a3b55b9abb575b023c07e617b49,82728d5d3cf7f35b58bc318399c2c5caf7eeadcc37f3597cb2817a9b5a87bbf3,2024-01-21 15:51:46,plan.published,2024-01-21 15:52:05.663639,Easy Plan,p9,USD,30.000000000,1000.000000000,false,,true,,true,1,month,2024-01-21 15:52:05.663639,2024-01-21 17:07:40.732903,false
pln_0a3b55b9abb575b023c07e617b49,82728d5d3cf7f35b58bc318399c2c5caf7eeadcc37f3597cb2817a9b5a87bbf3,2024-01-21 15:51:46,plan.archived,2025-10-04 10:09:33.036819,Easy Plan,p9,USD,30.000000000,1000.000000000,false,,true,,true,1,month,2025-10-04 10:09:33.036819,,true
pln_0a3b55b9abb575b023c07e617b49,82728d5d3cf7f35b58bc318399c2c5caf7eeadcc37f3597cb2817a9b5a87bbf3,2024-01-21 15:51:46,plan.created,2024-01-21 15:51:46.254474,Easy Plan,p9,USD,30.000000000,1000.000000000,false,,true,,true,1,month,2024-01-21 15:51:46,2024-01-21 15:52:05.620869,false
pln_0a3b55b9abb575b023c07e617b49,82728d5d3cf7f35b58bc318399c2c5caf7eeadcc37f3597cb2817a9b5a87bbf3,2024-01-21 15:51:46,plan.updated,2024-01-24 18:25:07.645118,Easy Plan,p9,USD,30.000000000,1000.000000000,false,,true,,true,1,month,2024-01-24 18:25:07.645118,2024-08-01 17:22:46.678886,false
pln_0a3b55b9abb575b023c07e617b49,82728d5d3cf7f35b58bc318399c2c5caf7eeadcc37f3597cb2817a9b5a87bbf3,2024-01-21 15:51:46,plan.updated,2024-08-01 17:22:46.678886,Easy Plan,p9,USD,30.000000000,1000.000000000,false,,true,,true,1,month,2024-08-01 17:22:46.678886,2025-10-04 10:09:32.991635,false
pln_0a3b55b9abb575b023c07e617b49,82728d5d3cf7f35b58bc318399c2c5caf7eeadcc37f3597cb2817a9b5a87bbf3,2024-01-21 15:51:46,plan.updated,2025-10-04 10:09:32.991635,Easy Plan,p9,USD,30.000000000,1000.000000000,false,,true,,true,1,month,2025-10-04 10:09:32.991635,2025-10-04 10:09:33.036819,false
pln_1e0643050b12426010c4942a0fe3,82728d5d3cf7f35b58bc318399c2c5caf7eeadcc37f3597cb2817a9b5a87bbf3,2023-12-29 18:42:44,plan.created,2023-12-29 18:42:44.94804,Plus Plan,p4,USD,45.000000000,5000.000000000,false,,true,,true,30,day,2023-12-29 18:42:44,2023-12-29 18:44:44.716809,false
pln_1e0643050b12426010c4942a0fe3,82728d5d3cf7f35b58bc318399c2c5caf7eeadcc37f3597cb2817a9b5a87bbf3,2023-12-29 18:42:44,plan.updated,2023-12-29 18:44:44.716809,Plus Plan,p4,USD,45.000000000,5000.000000000,false,,true,,true,30,day,2023-12-29 18:44:44.716809,2023-12-29 18:44:44.792934,false
pln_1e0643050b12426010c4942a0fe3,82728d5d3cf7f35b58bc318399c2c5caf7eeadcc37f3597cb2817a9b5a87bbf3,2023-12-29 18:42:44,plan.archived,2024-01-21 15:51:16.702594,Plus Plan,p4,USD,45.000000000,5000.000000000,false,,true,,true,30,day,2024-01-21 15:51:16.702594,,true
pln_1e0643050b12426010c4942a0fe3,82728d5d3cf7f35b58bc318399c2c5caf7eeadcc37f3597cb2817a9b5a87bbf3,2023-12-29 18:42:44,plan.updated,2024-01-21 15:51:16.465407,Plus Plan,p4,USD,45.000000000,5000.000000000,false,,true,,true,30,day,2024-01-21 15:51:16.465407,2024-01-21 15:51:16.702594,false
pln_1e0643050b12426010c4942a0fe3,82728d5d3cf7f35b58bc318399c2c5caf7eeadcc37f3597cb2817a9b5a87bbf3,2023-12-29 18:42:44,plan.published,2023-12-29 18:44:44.792934,Plus Plan,p4,USD,45.000000000,5000.000000000,false,,true,,true,30,day,2023-12-29 18:44:44.792934,2024-01-21 15:51:16.465407,false
pln_af7b4a30086929d37e7f4eb3daed,82728d5d3cf7f35b58bc318399c2c5caf7eeadcc37f3597cb2817a9b5a87bbf3,2024-01-21 15:51:15,plan.updated,2024-01-21 15:52:20.253792,Plus Plan,p9,USD,45.000000000,5000.000000000,false,,true,,true,1,month,2024-01-21 15:52:20.253792,2024-01-21 15:52:20.297094,false
pln_af7b4a30086929d37e7f4eb3daed,82728d5d3cf7f35b58bc318399c2c5caf7eeadcc37f3597cb2817a9b5a87bbf3,2024-01-21 15:51:15,plan.published,2024-01-21 15:52:20.297094,Plus Plan,p9,USD,45.000000000,5000.000000000,false,,true,,true,1,month,2024-01-21 15:52:20.297094,2024-01-21 17:08:25.506188,false
pln_af7b4a30086929d37e7f4eb3daed,82728d5d3cf7f35b58bc318399c2c5caf7eeadcc37f3597cb2817a9b5a87bbf3,2024-01-21 15:51:15,plan.archived,2025-10-04 10:09:36.967075,Plus Plan,p9,USD,45.000000000,5000.000000000,false,,true,,true,1,month,2025-10-04 10:09:36.967075,,true
pln_af7b4a30086929d37e7f4eb3daed,82728d5d3cf7f35b58bc318399c2c5caf7eeadcc37f3597cb2817a9b5a87bbf3,2024-01-21 15:51:15,plan.updated,2024-08-01 17:22:46.658179,Plus Plan,p9,USD,45.000000000,5000.000000000,false,,true,,true,1,month,2024-08-01 17:22:46.658179,2025-10-04 10:09:36.866373,false
pln_af7b4a30086929d37e7f4eb3daed,82728d5d3cf7f35b58bc318399c2c5caf7eeadcc37f3597cb2817a9b5a87bbf3,2024-01-21 15:51:15,plan.updated,2024-01-21 17:08:25.506188,Plus Plan,p9,USD,45.000000000,5000.000000000,false,,true,,true,1,month,2024-01-21 17:08:25.506188,2024-01-24 18:24:55.176995,false
pln_af7b4a30086929d37e7f4eb3daed,82728d5d3cf7f35b58bc318399c2c5caf7eeadcc37f3597cb2817a9b5a87bbf3,2024-01-21 15:51:15,plan.updated,2024-01-24 18:24:55.176995,Plus Plan,p9,USD,45.000000000,5000.000000000,false,,true,,true,1,month,2024-01-24 18:24:55.176995,2024-08-01 17:22:46.658179,false
pln_af7b4a30086929d37e7f4eb3daed,82728d5d3cf7f35b58bc318399c2c5caf7eeadcc37f3597cb2817a9b5a87bbf3,2024-01-21 15:51:15,plan.created,2024-01-21 15:51:15.8231,Plus Plan,p9,USD,45.000000000,5000.000000000,false,,true,,true,1,month,2024-01-21 15:51:15,2024-01-21 15:52:20.253792,false
pln_af7b4a30086929d37e7f4eb3daed,82728d5d3cf7f35b58bc318399c2c5caf7eeadcc37f3597cb2817a9b5a87bbf3,2024-01-21 15:51:15,plan.updated,2025-10-04 10:09:36.866373,Plus Plan,p9,USD,45.000000000,5000.000000000,false,,true,,true,1,month,2025-10-04 10:09:36.866373,2025-10-04 10:09:36.967075,false
pln_251347235d56cf25bd561ea4c6c1,2aeca1a6c1ecf52b28b7f7646b6fb90563a417ee3e5dc32f9d1a50d7e8b9e13a,2025-02-14 23:43:24,plan.created,2025-02-14 23:43:24.924144,5GB Test Plan,p9,USD,0.510000000,5000.000000000,false,,true,,true,1,month,2025-02-14 23:43:24,2025-02-14 23:43:25.882132,false
pln_251347235d56cf25bd561ea4c6c1,2aeca1a6c1ecf52b28b7f7646b6fb90563a417ee3e5dc32f9d1a50d7e8b9e13a,2025-02-14 23:43:24,plan.updated,2025-02-14 23:43:25.882132,5GB Test Plan,p9,USD,0.510000000,5000.000000000,false,,true,,true,1,month,2025-02-14 23:43:25.882132,,true
pln_588c59e59103c836fb97c0352a47,2aeca1a6c1ecf52b28b7f7646b6fb90563a417ee3e5dc32f9d1a50d7e8b9e13a,2025-02-25 19:23:23,plan.published,2025-02-25 19:28:42.599043,Basic Plan,p13,USD,20.000000000,5000.000000000,false,,true,,true,30,day,2025-02-25 19:28:42.599043,,true
pln_588c59e59103c836fb97c0352a47,2aeca1a6c1ecf52b28b7f7646b6fb90563a417ee3e5dc32f9d1a50d7e8b9e13a,2025-02-25 19:23:23,plan.updated,2025-02-25 19:23:23.877086,Basic Plan,p13,USD,20.000000000,5000.000000000,false,,true,,true,30,day,2025-02-25 19:23:23.877086,2025-02-25 19:28:42.563913,false
pln_588c59e59103c836fb97c0352a47,2aeca1a6c1ecf52b28b7f7646b6fb90563a417ee3e5dc32f9d1a50d7e8b9e13a,2025-02-25 19:23:23,plan.created,2025-02-25 19:23:23.098264,Basic Plan,p13,USD,20.000000000,5000.000000000,false,,true,,true,30,day,2025-02-25 19:23:23,2025-02-25 19:23:23.877086,false
pln_588c59e59103c836fb97c0352a47,2aeca1a6c1ecf52b28b7f7646b6fb90563a417ee3e5dc32f9d1a50d7e8b9e13a,2025-02-25 19:23:23,plan.updated,2025-02-25 19:28:42.563913,Basic Plan,p13,USD,20.000000000,5000.000000000,false,,true,,true,30,day,2025-02-25 19:28:42.563913,2025-02-25 19:28:42.599043,false
pln_89628f6a180cbe701f78c7d99712,dace2786aee7632e61757b320a6fe5bff37a2e742fe5582c245665e3d0e3a84e,2025-03-06 13:41:17,plan.published,2025-03-06 13:41:49.725798,5GB Plan,p11,USD,35.000000000,5000.000000000,false,,true,,true,1,month,2025-03-06 13:41:49.725798,2025-03-06 13:49:53.354243,false
pln_89628f6a180cbe701f78c7d99712,dace2786aee7632e61757b320a6fe5bff37a2e742fe5582c245665e3d0e3a84e,2025-03-06 13:41:17,plan.updated,2025-03-06 13:49:53.354243,5GB Plan,p11,USD,35.000000000,5000.000000000,false,,true,,true,1,month,2025-03-06 13:49:53.354243,2025-03-06 13:49:53.389068,false
pln_89628f6a180cbe701f78c7d99712,dace2786aee7632e61757b320a6fe5bff37a2e742fe5582c245665e3d0e3a84e,2025-03-06 13:41:17,plan.updated,2025-03-06 13:41:49.662694,5GB Plan,p11,USD,35.000000000,5000.000000000,false,,true,,true,1,month,2025-03-06 13:41:49.662694,2025-03-06 13:41:49.725798,false
pln_89628f6a180cbe701f78c7d99712,dace2786aee7632e61757b320a6fe5bff37a2e742fe5582c245665e3d0e3a84e,2025-03-06 13:41:17,plan.updated,2025-03-06 13:41:17.99299,5GB Plan,p11,USD,35.000000000,5000.000000000,false,,true,,true,1,month,2025-03-06 13:41:17.99299,2025-03-06 13:41:49.662694,false
pln_89628f6a180cbe701f78c7d99712,dace2786aee7632e61757b320a6fe5bff37a2e742fe5582c245665e3d0e3a84e,2025-03-06 13:41:17,plan.archived,2025-03-06 13:49:53.389068,5GB Plan,p11,USD,35.000000000,5000.000000000,false,,true,,true,1,month,2025-03-06 13:49:53.389068,,true
pln_89628f6a180cbe701f78c7d99712,dace2786aee7632e61757b320a6fe5bff37a2e742fe5582c245665e3d0e3a84e,2025-03-06 13:41:17,plan.created,2025-03-06 13:41:17.637067,5GB Plan,p11,USD,35.000000000,5000.000000000,false,,true,,true,1,month,2025-03-06 13:41:17,2025-03-06 13:41:17.99299,false
pln_21174a43661f8b6c497dd841ed40,dace2786aee7632e61757b320a6fe5bff37a2e742fe5582c245665e3d0e3a84e,2025-03-06 13:49:53,plan.created,2025-03-06 13:49:53.244195,5GB Plan,p11,USD,35.000000000,5000.000000000,false,,true,,true,1,month,2025-03-06 13:49:53,2025-03-06 13:51:06.829825,false
pln_21174a43661f8b6c497dd841ed40,dace2786aee7632e61757b320a6fe5bff37a2e742fe5582c245665e3d0e3a84e,2025-03-06 13:49:53,plan.archived,2025-03-06 13:51:06.876123,5GB Plan,p11,USD,35.000000000,5000.000000000,false,,true,,true,1,month,2025-03-06 13:51:06.876123,,true
pln_21174a43661f8b6c497dd841ed40,dace2786aee7632e61757b320a6fe5bff37a2e742fe5582c245665e3d0e3a84e,2025-03-06 13:49:53,plan.updated,2025-03-06 13:51:06.829825,5GB Plan,p11,USD,35.000000000,5000.000000000,false,,true,,true,1,month,2025-03-06 13:51:06.829825,2025-03-06 13:51:06.876123,false
pln_a6052925ca2848a5356fc9d76cf4,dace2786aee7632e61757b320a6fe5bff37a2e742fe5582c245665e3d0e3a84e,2025-03-06 13:51:06,plan.archived,2025-03-25 18:08:27.329443,5GB Plan,p11,USD,35.000000000,5000.000000000,false,,true,,true,1,month,2025-03-25 18:08:27.329443,,true
pln_a6052925ca2848a5356fc9d76cf4,dace2786aee7632e61757b320a6fe5bff37a2e742fe5582c245665e3d0e3a84e,2025-03-06 13:51:06,plan.updated,2025-03-06 13:51:07.3855,5GB Plan,p11,USD,35.000000000,5000.000000000,false,,true,,true,1,month,2025-03-06 13:51:07.3855,2025-03-06 13:51:13.511229,false
pln_a6052925ca2848a5356fc9d76cf4,dace2786aee7632e61757b320a6fe5bff37a2e742fe5582c245665e3d0e3a84e,2025-03-06 13:51:06,plan.created,2025-03-06 13:51:06.670866,5GB Plan,p11,USD,35.000000000,5000.000000000,false,,true,,true,1,month,2025-03-06 13:51:06,2025-03-06 13:51:07.3855,false
pln_a6052925ca2848a5356fc9d76cf4,dace2786aee7632e61757b320a6fe5bff37a2e742fe5582c245665e3d0e3a84e,2025-03-06 13:51:06,plan.updated,2025-03-25 18:08:27.293409,5GB Plan,p11,USD,35.000000000,5000.000000000,false,,true,,true,1,month,2025-03-25 18:08:27.293409,2025-03-25 18:08:27.329443,false
pln_a6052925ca2848a5356fc9d76cf4,dace2786aee7632e61757b320a6fe5bff37a2e742fe5582c245665e3d0e3a84e,2025-03-06 13:51:06,plan.published,2025-03-06 13:51:13.538985,5GB Plan,p11,USD,35.000000000,5000.000000000,false,,true,,true,1,month,2025-03-06 13:51:13.538985,2025-03-25 18:08:27.293409,false
pln_a6052925ca2848a5356fc9d76cf4,dace2786aee7632e61757b320a6fe5bff37a2e742fe5582c245665e3d0e3a84e,2025-03-06 13:51:06,plan.updated,2025-03-06 13:51:13.511229,5GB Plan,p11,USD,35.000000000,5000.000000000,false,,true,,true,1,month,2025-03-06 13:51:13.511229,2025-03-06 13:51:13.538985,false
pln_64c26ea87b81ab2b70207e6598f1,dace2786aee7632e61757b320a6fe5bff37a2e742fe5582c245665e3d0e3a84e,2025-03-25 18:08:27,plan.published,2025-03-25 18:08:31.42925,5GB Plan,p11,USD,1.000000000,5000.000000000,false,,true,,true,30,day,2025-03-25 18:08:31.42925,2025-03-27 15:15:00.564898,false
pln_64c26ea87b81ab2b70207e6598f1,dace2786aee7632e61757b320a6fe5bff37a2e742fe5582c245665e3d0e3a84e,2025-03-25 18:08:27,plan.updated,2025-03-27 15:15:00.564898,5GB Plan,p11,USD,1.000000000,5000.000000000,false,,true,,true,30,day,2025-03-27 15:15:00.564898,2025-03-27 15:15:00.602786,false
pln_64c26ea87b81ab2b70207e6598f1,dace2786aee7632e61757b320a6fe5bff37a2e742fe5582c245665e3d0e3a84e,2025-03-25 18:08:27,plan.updated,2025-03-25 18:08:31.396023,5GB Plan,p11,USD,1.000000000,5000.000000000,false,,true,,true,30,day,2025-03-25 18:08:31.396023,2025-03-25 18:08:31.42925,false
pln_64c26ea87b81ab2b70207e6598f1,dace2786aee7632e61757b320a6fe5bff37a2e742fe5582c245665e3d0e3a84e,2025-03-25 18:08:27,plan.created,2025-03-25 18:08:27.180475,5GB Plan,p11,USD,1.000000000,5000.000000000,false,,true,,true,30,day,2025-03-25 18:08:27,2025-03-25 18:08:27.553875,false
pln_64c26ea87b81ab2b70207e6598f1,dace2786aee7632e61757b320a6fe5bff37a2e742fe5582c245665e3d0e3a84e,2025-03-25 18:08:27,plan.updated,2025-03-25 18:08:27.553875,5GB Plan,p11,USD,1.000000000,5000.000000000,false,,true,,true,30,day,2025-03-25 18:08:27.553875,2025-03-25 18:08:31.396023,false
pln_64c26ea87b81ab2b70207e6598f1,dace2786aee7632e61757b320a6fe5bff37a2e742fe5582c245665e3d0e3a84e,2025-03-25 18:08:27,plan.archived,2025-03-27 15:15:00.602786,5GB Plan,p11,USD,1.000000000,5000.000000000,false,,true,,true,30,day,2025-03-27 15:15:00.602786,,true
pln_430cdc0fcb816e47e1ce1fc05b0c,dace2786aee7632e61757b320a6fe5bff37a2e742fe5582c245665e3d0e3a84e,2025-03-27 15:16:01,plan.updated,2025-03-27 15:16:26.190642,5GB Plan,p11,USD,1.000000000,5000.000000000,false,,true,,true,30,day,2025-03-27 15:16:26.190642,2025-03-27 15:16:26.230359,false
pln_430cdc0fcb816e47e1ce1fc05b0c,dace2786aee7632e61757b320a6fe5bff37a2e742fe5582c245665e3d0e3a84e,2025-03-27 15:16:01,plan.updated,2025-04-02 01:36:41.189318,5GB Plan,p11,USD,1.000000000,5000.000000000,false,,true,,true,30,day,2025-04-02 01:36:41.189318,2025-04-02 01:36:41.219343,false
pln_430cdc0fcb816e47e1ce1fc05b0c,dace2786aee7632e61757b320a6fe5bff37a2e742fe5582c245665e3d0e3a84e,2025-03-27 15:16:01,plan.updated,2025-03-27 15:16:01.820906,5GB Plan,p11,USD,1.000000000,5000.000000000,false,,true,,true,30,day,2025-03-27 15:16:01.820906,2025-03-27 15:16:26.190642,false
pln_430cdc0fcb816e47e1ce1fc05b0c,dace2786aee7632e61757b320a6fe5bff37a2e742fe5582c245665e3d0e3a84e,2025-03-27 15:16:01,plan.published,2025-03-27 15:16:26.230359,5GB Plan,p11,USD,1.000000000,5000.000000000,false,,true,,true,30,day,2025-03-27 15:16:26.230359,2025-04-02 01:36:41.189318,false
pln_430cdc0fcb816e47e1ce1fc05b0c,dace2786aee7632e61757b320a6fe5bff37a2e742fe5582c245665e3d0e3a84e,2025-03-27 15:16:01,plan.created,2025-03-27 15:16:01.141054,5GB Plan,p11,USD,1.000000000,5000.000000000,false,,true,,true,30,day,2025-03-27 15:16:01,2025-03-27 15:16:01.820906,false
pln_430cdc0fcb816e47e1ce1fc05b0c,dace2786aee7632e61757b320a6fe5bff37a2e742fe5582c245665e3d0e3a84e,2025-03-27 15:16:01,plan.archived,2025-04-02 01:36:41.219343,5GB Plan,p11,USD,1.000000000,5000.000000000,false,,true,,true,30,day,2025-04-02 01:36:41.219343,,true
pln_e4a7120c0bc0b1a583d931cf5815,dace2786aee7632e61757b320a6fe5bff37a2e742fe5582c245665e3d0e3a84e,2025-04-02 01:36:40,plan.archived,2025-04-04 17:54:15.850092,5GB,p11,USD,15.000000000,5000.000000000,false,,true,,true,30,day,2025-04-04 17:54:15.850092,,true
pln_e4a7120c0bc0b1a583d931cf5815,dace2786aee7632e61757b320a6fe5bff37a2e742fe5582c245665e3d0e3a84e,2025-04-02 01:36:40,plan.updated,2025-04-02 01:36:41.119992,5GB,p11,USD,15.000000000,5000.000000000,false,,true,,true,30,day,2025-04-02 01:36:41.119992,2025-04-02 01:37:02.564331,false
pln_e4a7120c0bc0b1a583d931cf5815,dace2786aee7632e61757b320a6fe5bff37a2e742fe5582c245665e3d0e3a84e,2025-04-02 01:36:40,plan.created,2025-04-02 01:36:40.165016,5GB,p11,USD,15.000000000,5000.000000000,false,,true,,true,30,day,2025-04-02 01:36:40,2025-04-02 01:36:41.119992,false
pln_e4a7120c0bc0b1a583d931cf5815,dace2786aee7632e61757b320a6fe5bff37a2e742fe5582c245665e3d0e3a84e,2025-04-02 01:36:40,plan.published,2025-04-02 01:37:02.601898,5GB,p11,USD,15.000000000,5000.000000000,false,,true,,true,30,day,2025-04-02 01:37:02.601898,2025-04-04 17:54:15.819593,false
pln_e4a7120c0bc0b1a583d931cf5815,dace2786aee7632e61757b320a6fe5bff37a2e742fe5582c245665e3d0e3a84e,2025-04-02 01:36:40,plan.updated,2025-04-02 01:37:02.564331,5GB,p11,USD,15.000000000,5000.000000000,false,,true,,true,30,day,2025-04-02 01:37:02.564331,2025-04-02 01:37:02.601898,false
pln_e4a7120c0bc0b1a583d931cf5815,dace2786aee7632e61757b320a6fe5bff37a2e742fe5582c245665e3d0e3a84e,2025-04-02 01:36:40,plan.updated,2025-04-04 17:54:15.819593,5GB,p11,USD,15.000000000,5000.000000000,false,,true,,true,30,day,2025-04-04 17:54:15.819593,2025-04-04 17:54:15.850092,false
pln_4ec50a4babe3fa6b314b108bb2b9,dace2786aee7632e61757b320a6fe5bff37a2e742fe5582c245665e3d0e3a84e,2025-04-03 18:30:58,plan.updated,2025-04-04 12:44:40.643105,5GB,p11,USD,1.000000000,5000.000000000,false,,true,,true,30,day,2025-04-04 12:44:40.643105,2025-04-04 12:44:40.690793,false
pln_4ec50a4babe3fa6b314b108bb2b9,dace2786aee7632e61757b320a6fe5bff37a2e742fe5582c245665e3d0e3a84e,2025-04-03 18:30:58,plan.created,2025-04-03 18:30:58.752484,5GB,p11,USD,1.000000000,5000.000000000,false,,true,,true,30,day,2025-04-03 18:30:58,2025-04-03 18:30:59.980778,false
pln_4ec50a4babe3fa6b314b108bb2b9,dace2786aee7632e61757b320a6fe5bff37a2e742fe5582c245665e3d0e3a84e,2025-04-03 18:30:58,plan.archived,2025-04-09 20:10:33.621376,5GB,p11,USD,1.000000000,5000.000000000,false,,true,,true,30,day,2025-04-09 20:10:33.621376,2025-04-09 20:10:40.953407,false
pln_4ec50a4babe3fa6b314b108bb2b9,dace2786aee7632e61757b320a6fe5bff37a2e742fe5582c245665e3d0e3a84e,2025-04-03 18:30:58,plan.archived,2025-04-09 20:12:44.848071,5GB,p11,USD,1.000000000,5000.000000000,false,,true,,true,30,day,2025-04-09 20:12:44.848071,,true
pln_4ec50a4babe3fa6b314b108bb2b9,dace2786aee7632e61757b320a6fe5bff37a2e742fe5582c245665e3d0e3a84e,2025-04-03 18:30:58,plan.published,2025-04-09 20:10:40.983933,5GB,p11,USD,1.000000000,5000.000000000,false,,true,,true,30,day,2025-04-09 20:10:40.983933,2025-04-09 20:12:44.785433,false
pln_4ec50a4babe3fa6b314b108bb2b9,dace2786aee7632e61757b320a6fe5bff37a2e742fe5582c245665e3d0e3a84e,2025-04-03 18:30:58,plan.updated,2025-04-09 20:10:40.953407,5GB,p11,USD,1.000000000,5000.000000000,false,,true,,true,30,day,2025-04-09 20:10:40.953407,2025-04-09 20:10:40.983933,false
pln_4ec50a4babe3fa6b314b108bb2b9,dace2786aee7632e61757b320a6fe5bff37a2e742fe5582c245665e3d0e3a84e,2025-04-03 18:30:58,plan.published,2025-04-04 12:44:40.690793,5GB,p11,USD,1.000000000,5000.000000000,false,,true,,true,30,day,2025-04-04 12:44:40.690793,2025-04-09 20:10:33.601331,false
pln_4ec50a4babe3fa6b314b108bb2b9,dace2786aee7632e61757b320a6fe5bff37a2e742fe5582c245665e3d0e3a84e,2025-04-03 18:30:58,plan.updated,2025-04-03 18:30:59.980778,5GB,p11,USD,1.000000000,5000.000000000,false,,true,,true,30,day,2025-04-03 18:30:59.980778,2025-04-04 12:44:40.643105,false
pln_4ec50a4babe3fa6b314b108bb2b9,dace2786aee7632e61757b320a6fe5bff37a2e742fe5582c245665e3d0e3a84e,2025-04-03 18:30:58,plan.updated,2025-04-09 20:12:44.785433,5GB,p11,USD,1.000000000,5000.000000000,false,,true,,true,30,day,2025-04-09 20:12:44.785433,2025-04-09 20:12:44.848071,false
pln_4ec50a4babe3fa6b314b108bb2b9,dace2786aee7632e61757b320a6fe5bff37a2e742fe5582c245665e3d0e3a84e,2025-04-03 18:30:58,plan.updated,2025-04-09 20:10:33.601331,5GB,p11,USD,1.000000000,5000.000000000,false,,true,,true,30,day,2025-04-09 20:10:33.601331,2025-04-09 20:10:33.621376,false
pln_3547586bf1a44e88d28081a6a456,dace2786aee7632e61757b320a6fe5bff37a2e742fe5582c245665e3d0e3a84e,2025-04-09 20:10:32,plan.created,2025-04-09 20:10:32.739699,5GB,p11,USD,15.000000000,5000.000000000,false,,true,,true,30,day,2025-04-09 20:10:32,2025-04-09 20:10:33.557328,false
pln_3547586bf1a44e88d28081a6a456,dace2786aee7632e61757b320a6fe5bff37a2e742fe5582c245665e3d0e3a84e,2025-04-09 20:10:32,plan.published,2025-04-09 20:10:50.911262,5GB,p11,USD,15.000000000,5000.000000000,false,,true,,true,30,day,2025-04-09 20:10:50.911262,,true
pln_3547586bf1a44e88d28081a6a456,dace2786aee7632e61757b320a6fe5bff37a2e742fe5582c245665e3d0e3a84e,2025-04-09 20:10:32,plan.updated,2025-04-09 20:10:33.557328,5GB,p11,USD,15.000000000,5000.000000000,false,,true,,true,30,day,2025-04-09 20:10:33.557328,2025-04-09 20:10:50.87305,false
pln_3547586bf1a44e88d28081a6a456,dace2786aee7632e61757b320a6fe5bff37a2e742fe5582c245665e3d0e3a84e,2025-04-09 20:10:32,plan.updated,2025-04-09 20:10:50.87305,5GB,p11,USD,15.000000000,5000.000000000,false,,true,,true,30,day,2025-04-09 20:10:50.87305,2025-04-09 20:10:50.911262,false
